{
  "fk_buildings": "29404",
  "roof_type": "Saddleback roof",
  "plane_count": 2,
  "footprint_sqft": 5254.2,
  "planes": [
    {
      "id": 0,
      "pitch_deg": 18.31,
      "pitch_ratio_over_12": 3.97,
      "horiz_area_sqft": 2561.1,
      "nz": 0.9494,
      "verts_m": [
        [
          582940.152393,
          4504482.798001,
          11.573757
        ],
        [
          582941.521724,
          4504478.920868,
          10.213244
        ],
        [
          582947.943583,
          4504481.188949,
          10.213244
        ],
        [
          582945.904568,
          4504486.962229,
          12.239129
        ],
        [
          582907.961699,
          4504473.561516,
          12.239129
        ],
        [
          582910.000714,
          4504467.788235,
          10.213244
        ],
        [
          582939.585061,
          4504478.236875,
          10.213244
        ],
        [
          582938.21573,
          4504482.114007,
          11.573757
        ],
        [
          582940.152393,
          4504482.798001,
          11.573757
        ]
      ]
    },
    {
      "id": 1,
      "pitch_deg": 18.31,
      "pitch_ratio_over_12": 3.97,
      "horiz_area_sqft": 2693.1,
      "nz": 0.9494,
      "verts_m": [
        [
          582907.961699,
          4504473.561516,
          12.239129
        ],
        [
          582945.904568,
          4504486.962229,
          12.239129
        ],
        [
          582943.833929,
          4504492.82505,
          10.181824
        ],
        [
          582905.89106,
          4504479.424337,
          10.181824
        ],
        [
          582907.961699,
          4504473.561516,
          12.239129
        ]
      ]
    }
  ],
  "footprint_polygon_ll": [
    [
      -74.01842854571417,
      40.68703322525556
    ],
    [
      -74.01844423637002,
      40.687068285928135
    ],
    [
      -74.01846724302015,
      40.687062319759576
    ],
    [
      -74.0184515523534,
      40.68702725909899
    ],
    [
      -74.01880299988487,
      40.68693611983655
    ],
    [
      -74.0188500914604,
      40.68704134423177
    ],
    [
      -74.0183993479833,
      40.68715823321155
    ],
    [
      -74.01835225704176,
      40.68705300865081
    ],
    [
      -74.01842854571417,
      40.68703322525556
    ]
  ],
  "seed_lat": 40.68704589137454,
  "seed_lng": -74.01851386891285,
  "seed_utm18_x_m": 582934.296213111,
  "seed_utm18_y_m": 4504480.246354445,
  "n_points": 2516,
  "laz_path": ".tmp/roofn3d/new10-extra/buildings/bldg_29404.laz",
  "footprint_xy_path": ".tmp/roofn3d/new10-extra/buildings/bldg_29404.footprint.xy.json"
}