{
  "fk_buildings": "141",
  "roof_type": "Two-sided hip roof",
  "plane_count": 4,
  "footprint_sqft": 1507.4,
  "planes": [
    {
      "id": 0,
      "pitch_deg": 21.07,
      "pitch_ratio_over_12": 4.62,
      "horiz_area_sqft": 509.4,
      "nz": 0.9331,
      "verts_m": [
        [
          604293.159375,
          4496237.359796,
          12.163397
        ],
        [
          604298.65691,
          4496241.603856,
          12.163397
        ],
        [
          604299.42095,
          4496247.541724,
          10.532288
        ],
        [
          604287.221507,
          4496238.123837,
          10.532288
        ],
        [
          604293.159375,
          4496237.359796,
          12.163397
        ]
      ]
    },
    {
      "id": 1,
      "pitch_deg": 21.07,
      "pitch_ratio_over_12": 4.62,
      "horiz_area_sqft": 233.3,
      "nz": 0.9331,
      "verts_m": [
        [
          604299.42095,
          4496247.541724,
          10.532288
        ],
        [
          604298.65691,
          4496241.603856,
          12.163397
        ],
        [
          604305.108297,
          4496240.77374,
          10.391227
        ],
        [
          604305.160713,
          4496240.814205,
          10.365713
        ],
        [
          604299.763164,
          4496247.805911,
          10.365713
        ],
        [
          604299.42095,
          4496247.541724,
          10.532288
        ]
      ]
    },
    {
      "id": 2,
      "pitch_deg": 21.07,
      "pitch_ratio_over_12": 4.62,
      "horiz_area_sqft": 570.9,
      "nz": 0.9331,
      "verts_m": [
        [
          604298.65691,
          4496241.603856,
          12.163397
        ],
        [
          604293.159375,
          4496237.359796,
          12.163397
        ],
        [
          604292.39348,
          4496231.407513,
          10.528329
        ],
        [
          604292.610921,
          4496231.125851,
          10.391227
        ],
        [
          604305.108297,
          4496240.77374,
          10.391227
        ],
        [
          604298.65691,
          4496241.603856,
          12.163397
        ]
      ]
    },
    {
      "id": 3,
      "pitch_deg": 21.07,
      "pitch_ratio_over_12": 4.62,
      "horiz_area_sqft": 193.8,
      "nz": 0.9331,
      "verts_m": [
        [
          604293.159375,
          4496237.359796,
          12.163397
        ],
        [
          604287.221507,
          4496238.123837,
          10.532288
        ],
        [
          604287.213372,
          4496238.117557,
          10.528329
        ],
        [
          604292.39348,
          4496231.407513,
          10.528329
        ],
        [
          604293.159375,
          4496237.359796,
          12.163397
        ]
      ]
    }
  ],
  "footprint_polygon_ll": [
    [
      -73.76722973818718,
      40.610386994040894
    ],
    [
      -73.76707981680062,
      40.610472671348084
    ],
    [
      -73.7670171844101,
      40.61040901768843
    ],
    [
      -73.76716710573028,
      40.61032334046072
    ],
    [
      -73.76722973818718,
      40.610386994040894
    ]
  ],
  "seed_lat": 40.61039580354712,
  "seed_lng": -73.76714471669194,
  "seed_utm18_x_m": 604294.3923084,
  "seed_utm18_y_m": 4496239.1962162005,
  "n_points": 1252,
  "laz_path": ".tmp/roofn3d/selected/buildings/bldg_141.laz",
  "footprint_xy_path": ".tmp/roofn3d/selected/buildings/bldg_141.footprint.xy.json"
}