{
  "fk_buildings": "2624",
  "roof_type": "Two-sided hip roof",
  "plane_count": 4,
  "footprint_sqft": 2901.6,
  "planes": [
    {
      "id": 0,
      "pitch_deg": 19.31,
      "pitch_ratio_over_12": 4.21,
      "horiz_area_sqft": 996.0,
      "nz": 0.9437
    },
    {
      "id": 1,
      "pitch_deg": 19.31,
      "pitch_ratio_over_12": 4.21,
      "horiz_area_sqft": 354.1,
      "nz": 0.9437
    },
    {
      "id": 2,
      "pitch_deg": 19.31,
      "pitch_ratio_over_12": 4.21,
      "horiz_area_sqft": 1162.3,
      "nz": 0.9437
    },
    {
      "id": 3,
      "pitch_deg": 19.31,
      "pitch_ratio_over_12": 4.21,
      "horiz_area_sqft": 389.3,
      "nz": 0.9437
    }
  ],
  "footprint_polygon_ll": [
    [
      -73.92990058374023,
      40.59910430110451
    ],
    [
      -73.929910584972,
      40.599113163771825
    ],
    [
      -73.9299416584112,
      40.599092790871104
    ],
    [
      -73.92993165717807,
      40.599083928215464
    ],
    [
      -73.9299510038556,
      40.59907124380581
    ],
    [
      -73.92996100508945,
      40.59908010645981
    ],
    [
      -73.92998984368171,
      40.599061198776816
    ],
    [
      -73.92997984244677,
      40.599052336125276
    ],
    [
      -73.93005709910597,
      40.59900168363102
    ],
    [
      -73.93014368990147,
      40.59907841638082
    ],
    [
      -73.92992181781962,
      40.59922388419003
    ],
    [
      -73.92983522709736,
      40.59914715127661
    ],
    [
      -73.92990058374023,
      40.59910430110451
    ]
  ],
  "seed_lat": 40.59909342354102,
  "seed_lng": -73.92995573826458,
  "seed_utm18_x_m": 590536.2468180769,
  "seed_utm18_y_m": 4494804.381236924,
  "n_points": 591,
  "laz_path": ".tmp/roofn3d/new10/buildings/bldg_2624.laz",
  "footprint_xy_path": ".tmp/roofn3d/new10/buildings/bldg_2624.footprint.xy.json"
}