{
  "fk_buildings": "19418",
  "roof_type": "Two-sided hip roof",
  "plane_count": 4,
  "footprint_sqft": 2679.3,
  "planes": [
    {
      "id": 0,
      "pitch_deg": 17.89,
      "pitch_ratio_over_12": 3.87,
      "horiz_area_sqft": 818.5,
      "nz": 0.9516,
      "verts_m": [
        [
          602264.686961,
          4507888.410818,
          48.462891
        ],
        [
          602268.045489,
          4507887.537922,
          48.462891
        ],
        [
          602276.576724,
          4507892.549355,
          46.20449
        ],
        [
          602276.617418,
          4507892.705928,
          46.152269
        ],
        [
          602259.752584,
          4507897.089176,
          46.152269
        ],
        [
          602259.70244,
          4507896.89624,
          46.216618
        ],
        [
          602264.686961,
          4507888.410818,
          48.462891
        ]
      ]
    },
    {
      "id": 1,
      "pitch_deg": 17.89,
      "pitch_ratio_over_12": 3.87,
      "horiz_area_sqft": 526.9,
      "nz": 0.9516,
      "verts_m": [
        [
          602276.576724,
          4507892.549355,
          46.20449
        ],
        [
          602268.045489,
          4507887.537922,
          48.462891
        ],
        [
          602273.056922,
          4507879.006686,
          46.20449
        ],
        [
          602276.576724,
          4507892.549355,
          46.20449
        ]
      ]
    },
    {
      "id": 2,
      "pitch_deg": 17.89,
      "pitch_ratio_over_12": 3.87,
      "horiz_area_sqft": 812.6,
      "nz": 0.9516,
      "verts_m": [
        [
          602268.045489,
          4507887.537922,
          48.462891
        ],
        [
          602264.686961,
          4507888.410818,
          48.462891
        ],
        [
          602256.201539,
          4507883.426296,
          46.216618
        ],
        [
          602256.159311,
          4507883.263822,
          46.162429
        ],
        [
          602273.024145,
          4507878.880574,
          46.162429
        ],
        [
          602273.056922,
          4507879.006686,
          46.20449
        ],
        [
          602268.045489,
          4507887.537922,
          48.462891
        ]
      ]
    },
    {
      "id": 3,
      "pitch_deg": 17.89,
      "pitch_ratio_over_12": 3.87,
      "horiz_area_sqft": 521.2,
      "nz": 0.9516,
      "verts_m": [
        [
          602264.686961,
          4507888.410818,
          48.462891
        ],
        [
          602259.70244,
          4507896.89624,
          46.216618
        ],
        [
          602256.201539,
          4507883.426296,
          46.216618
        ],
        [
          602264.686961,
          4507888.410818,
          48.462891
        ]
      ]
    }
  ],
  "footprint_polygon_ll": [
    [
      -73.78929352114297,
      40.7156497847269
    ],
    [
      -73.7890946074158,
      40.71560821208381
    ],
    [
      -73.78913939731716,
      40.71548413792209
    ],
    [
      -73.78933831070661,
      40.71552571048399
    ],
    [
      -73.78929352114297,
      40.7156497847269
    ]
  ],
  "seed_lat": 40.715583526028915,
  "seed_lng": -73.78923187152154,
  "seed_utm18_x_m": 602265.0612084002,
  "seed_utm18_y_m": 4507889.8057352,
  "n_points": 614,
  "laz_path": ".tmp/roofn3d/new10/buildings/bldg_19418.laz",
  "footprint_xy_path": ".tmp/roofn3d/new10/buildings/bldg_19418.footprint.xy.json"
}