{
  "fk_buildings": "36947",
  "roof_type": "Two-sided hip roof",
  "plane_count": 4,
  "footprint_sqft": 5949.9,
  "planes": [
    {
      "id": 0,
      "pitch_deg": 25.84,
      "pitch_ratio_over_12": 5.81,
      "horiz_area_sqft": 2506.0,
      "nz": 0.9,
      "verts_m": [
        [
          588679.038899,
          4519669.106915,
          53.324194
        ],
        [
          588677.757773,
          4519669.801585,
          52.61843
        ],
        [
          588673.288701,
          4519661.559636,
          52.61843
        ],
        [
          588677.842667,
          4519659.090317,
          55.127183
        ],
        [
          588686.120138,
          4519661.54723,
          58.083936
        ],
        [
          588692.7124,
          4519673.704809,
          58.083936
        ],
        [
          588690.201532,
          4519682.164056,
          55.062251
        ],
        [
          588687.046557,
          4519683.874793,
          53.324194
        ],
        [
          588679.038899,
          4519669.106915,
          53.324194
        ]
      ]
    },
    {
      "id": 1,
      "pitch_deg": 25.84,
      "pitch_ratio_over_12": 5.81,
      "horiz_area_sqft": 419.1,
      "nz": 0.9,
      "verts_m": [
        [
          588690.201532,
          4519682.164056,
          55.062251
        ],
        [
          588692.7124,
          4519673.704809,
          58.083936
        ],
        [
          588701.171647,
          4519676.215677,
          55.062251
        ],
        [
          588690.201532,
          4519682.164056,
          55.062251
        ]
      ]
    },
    {
      "id": 2,
      "pitch_deg": 25.84,
      "pitch_ratio_over_12": 5.81,
      "horiz_area_sqft": 2623.6,
      "nz": 0.9,
      "verts_m": [
        [
          588692.7124,
          4519673.704809,
          58.083936
        ],
        [
          588686.120138,
          4519661.54723,
          58.083936
        ],
        [
          588688.577051,
          4519653.26976,
          55.127183
        ],
        [
          588692.675704,
          4519651.047328,
          52.86926
        ],
        [
          588705.152434,
          4519674.057156,
          52.86926
        ],
        [
          588701.171647,
          4519676.215677,
          55.062251
        ],
        [
          588692.7124,
          4519673.704809,
          58.083936
        ]
      ]
    },
    {
      "id": 3,
      "pitch_deg": 25.84,
      "pitch_ratio_over_12": 5.81,
      "horiz_area_sqft": 401.2,
      "nz": 0.9,
      "verts_m": [
        [
          588686.120138,
          4519661.54723,
          58.083936
        ],
        [
          588677.842667,
          4519659.090317,
          55.127183
        ],
        [
          588688.577051,
          4519653.26976,
          55.127183
        ],
        [
          588686.120138,
          4519661.54723,
          58.083936
        ]
      ]
    }
  ],
  "footprint_polygon_ll": [
    [
      -73.9483996113595,
      40.82326202380497
    ],
    [
      -73.94838452018436,
      40.82325562844754
    ],
    [
      -73.94828747387064,
      40.82338777711544
    ],
    [
      -73.9480741935839,
      40.82329739237748
    ],
    [
      -73.94822540169538,
      40.823091491805314
    ],
    [
      -73.94845377270336,
      40.823188271620644
    ],
    [
      -73.9483996113595,
      40.82326202380497
    ]
  ],
  "seed_lat": 40.823249229919675,
  "seed_lng": -73.94831779783745,
  "seed_utm18_x_m": 588684.6739772857,
  "seed_utm18_y_m": 4519668.464142571,
  "n_points": 1553,
  "laz_path": ".tmp/roofn3d/new10/buildings/bldg_36947.laz",
  "footprint_xy_path": ".tmp/roofn3d/new10/buildings/bldg_36947.footprint.xy.json"
}