{
  "fk_buildings": "1054136",
  "roof_type": "Pyramid roof",
  "plane_count": 4,
  "footprint_sqft": 2967.0,
  "planes": [
    {
      "id": 0,
      "pitch_deg": 18.53,
      "pitch_ratio_over_12": 4.02,
      "horiz_area_sqft": 756.5,
      "nz": 0.9481,
      "verts_m": [
        [
          588458.477077,
          4511861.808756,
          11.48873
        ],
        [
          588455.948068,
          4511873.002593,
          8.768361
        ],
        [
          588455.718477,
          4511873.14756,
          8.677334
        ],
        [
          588446.971282,
          4511859.294267,
          8.677334
        ],
        [
          588447.070424,
          4511859.231667,
          8.716642
        ],
        [
          588458.477077,
          4511861.808756,
          11.48873
        ]
      ]
    },
    {
      "id": 1,
      "pitch_deg": 18.53,
      "pitch_ratio_over_12": 4.02,
      "horiz_area_sqft": 708.8,
      "nz": 0.9481,
      "verts_m": [
        [
          588455.948068,
          4511873.002593,
          8.768361
        ],
        [
          588458.477077,
          4511861.808756,
          11.48873
        ],
        [
          588469.670913,
          4511864.337765,
          8.768361
        ],
        [
          588455.948068,
          4511873.002593,
          8.768361
        ]
      ]
    },
    {
      "id": 2,
      "pitch_deg": 18.53,
      "pitch_ratio_over_12": 4.02,
      "horiz_area_sqft": 765.7,
      "nz": 0.9481,
      "verts_m": [
        [
          588461.197052,
          4511850.311884,
          8.659991
        ],
        [
          588469.944247,
          4511864.165177,
          8.659991
        ],
        [
          588469.670913,
          4511864.337765,
          8.768361
        ],
        [
          588458.477077,
          4511861.808756,
          11.48873
        ],
        [
          588461.054166,
          4511850.402104,
          8.716642
        ],
        [
          588461.197052,
          4511850.311884,
          8.659991
        ]
      ]
    },
    {
      "id": 3,
      "pitch_deg": 18.53,
      "pitch_ratio_over_12": 4.02,
      "horiz_area_sqft": 736.0,
      "nz": 0.9481,
      "verts_m": [
        [
          588458.477077,
          4511861.808756,
          11.48873
        ],
        [
          588447.070424,
          4511859.231667,
          8.716642
        ],
        [
          588461.054166,
          4511850.402104,
          8.716642
        ],
        [
          588458.477077,
          4511861.808756,
          11.48873
        ]
      ]
    }
  ],
  "footprint_polygon_ll": [
    [
      -73.9522424188253,
      40.752937226931834
    ],
    [
      -73.95213685542441,
      40.75306106447253
    ],
    [
      -73.95196963162854,
      40.75297862905242
    ],
    [
      -73.95207519520287,
      40.752854791665165
    ],
    [
      -73.9522424188253,
      40.752937226931834
    ]
  ],
  "seed_lat": 40.75295378785799,
  "seed_lng": -73.95213330398565,
  "seed_utm18_x_m": 588456.160468,
  "seed_utm18_y_m": 4511861.242631,
  "n_points": 1252,
  "laz_path": ".tmp/roofn3d/new10/buildings/bldg_1054136.laz",
  "footprint_xy_path": ".tmp/roofn3d/new10/buildings/bldg_1054136.footprint.xy.json"
}