{
  "fk_buildings": "2624",
  "roof_type": "Two-sided hip roof",
  "plane_count": 4,
  "footprint_sqft": 2901.6,
  "planes": [
    {
      "id": 0,
      "pitch_deg": 19.31,
      "pitch_ratio_over_12": 4.21,
      "horiz_area_sqft": 996.0,
      "nz": 0.9437,
      "verts_m": [
        [
          590540.040663,
          4494806.618935,
          7.587751
        ],
        [
          590540.898839,
          4494805.645423,
          7.132972
        ],
        [
          590545.957596,
          4494810.104852,
          7.132972
        ],
        [
          590538.225459,
          4494810.591719,
          9.052739
        ],
        [
          590528.476156,
          4494801.997448,
          9.052739
        ],
        [
          590527.989289,
          4494794.265311,
          7.132972
        ],
        [
          590534.262767,
          4494799.795549,
          7.132972
        ],
        [
          590533.404591,
          4494800.76906,
          7.587751
        ],
        [
          590535.819153,
          4494802.897561,
          7.587751
        ],
        [
          590536.677329,
          4494801.92405,
          7.132972
        ],
        [
          590538.297163,
          4494803.351977,
          7.132972
        ],
        [
          590537.438987,
          4494804.325488,
          7.587751
        ],
        [
          590540.040663,
          4494806.618935,
          7.587751
        ]
      ]
    },
    {
      "id": 1,
      "pitch_deg": 19.31,
      "pitch_ratio_over_12": 4.21,
      "horiz_area_sqft": 354.1,
      "nz": 0.9437,
      "verts_m": [
        [
          590527.989289,
          4494794.265311,
          7.132972
        ],
        [
          590528.476156,
          4494801.997448,
          9.052739
        ],
        [
          590520.377159,
          4494802.507415,
          7.041887
        ],
        [
          590527.79431,
          4494794.093432,
          7.041887
        ],
        [
          590527.989289,
          4494794.265311,
          7.132972
        ]
      ]
    },
    {
      "id": 2,
      "pitch_deg": 19.31,
      "pitch_ratio_over_12": 4.21,
      "horiz_area_sqft": 1162.3,
      "nz": 0.9437,
      "verts_m": [
        [
          590528.476156,
          4494801.997448,
          9.052739
        ],
        [
          590538.225459,
          4494810.591719,
          9.052739
        ],
        [
          590538.737164,
          4494818.718327,
          7.035031
        ],
        [
          590520.364223,
          4494802.52209,
          7.035031
        ],
        [
          590520.377159,
          4494802.507415,
          7.041887
        ],
        [
          590528.476156,
          4494801.997448,
          9.052739
        ]
      ]
    },
    {
      "id": 3,
      "pitch_deg": 19.31,
      "pitch_ratio_over_12": 4.21,
      "horiz_area_sqft": 389.3,
      "nz": 0.9437,
      "verts_m": [
        [
          590538.225459,
          4494810.591719,
          9.052739
        ],
        [
          590545.957596,
          4494810.104852,
          7.132972
        ],
        [
          590546.370929,
          4494810.469217,
          6.939882
        ],
        [
          590538.940842,
          4494818.897875,
          6.939882
        ],
        [
          590538.737164,
          4494818.718327,
          7.035031
        ],
        [
          590538.225459,
          4494810.591719,
          9.052739
        ]
      ]
    }
  ],
  "footprint_polygon_ll": [
    [
      -73.92990058374023,
      40.59910430110451
    ],
    [
      -73.929910584972,
      40.599113163771825
    ],
    [
      -73.9299416584112,
      40.599092790871104
    ],
    [
      -73.92993165717807,
      40.599083928215464
    ],
    [
      -73.9299510038556,
      40.59907124380581
    ],
    [
      -73.92996100508945,
      40.59908010645981
    ],
    [
      -73.92998984368171,
      40.599061198776816
    ],
    [
      -73.92997984244677,
      40.599052336125276
    ],
    [
      -73.93005709910597,
      40.59900168363102
    ],
    [
      -73.93014368990147,
      40.59907841638082
    ],
    [
      -73.92992181781962,
      40.59922388419003
    ],
    [
      -73.92983522709736,
      40.59914715127661
    ],
    [
      -73.92990058374023,
      40.59910430110451
    ]
  ],
  "seed_lat": 40.59909342354102,
  "seed_lng": -73.92995573826458,
  "seed_utm18_x_m": 590536.2468180769,
  "seed_utm18_y_m": 4494804.381236924,
  "n_points": 591,
  "laz_path": ".tmp/roofn3d/new10/buildings/bldg_2624.laz",
  "footprint_xy_path": ".tmp/roofn3d/new10/buildings/bldg_2624.footprint.xy.json"
}