{
  "fk_buildings": "129184",
  "roof_type": "Pyramid roof",
  "plane_count": 4,
  "footprint_sqft": 1599.3,
  "planes": [
    {
      "id": 0,
      "pitch_deg": 17.87,
      "pitch_ratio_over_12": 3.87,
      "horiz_area_sqft": 393.6,
      "nz": 0.9517,
      "verts_m": [
        [
          568139.176326,
          4488198.993554,
          44.53721
        ],
        [
          568135.662038,
          4488191.197531,
          46.487149
        ],
        [
          568143.45806,
          4488187.683243,
          44.53721
        ],
        [
          568139.176326,
          4488198.993554,
          44.53721
        ]
      ]
    },
    {
      "id": 1,
      "pitch_deg": 17.87,
      "pitch_ratio_over_12": 3.87,
      "horiz_area_sqft": 438.0,
      "nz": 0.9517,
      "verts_m": [
        [
          568143.45806,
          4488187.683243,
          44.53721
        ],
        [
          568135.662038,
          4488191.197531,
          46.487149
        ],
        [
          568132.364856,
          4488183.883134,
          44.657674
        ],
        [
          568132.624014,
          4488183.198562,
          44.421629
        ],
        [
          568143.584959,
          4488187.348038,
          44.421629
        ],
        [
          568143.45806,
          4488187.683243,
          44.53721
        ]
      ]
    },
    {
      "id": 2,
      "pitch_deg": 17.87,
      "pitch_ratio_over_12": 3.87,
      "horiz_area_sqft": 421.2,
      "nz": 0.9517,
      "verts_m": [
        [
          568135.662038,
          4488191.197531,
          46.487149
        ],
        [
          568139.176326,
          4488198.993554,
          44.53721
        ],
        [
          568139.09664,
          4488199.204047,
          44.464631
        ],
        [
          568128.135695,
          4488195.054571,
          44.464631
        ],
        [
          568128.34764,
          4488194.494713,
          44.657674
        ],
        [
          568135.662038,
          4488191.197531,
          46.487149
        ]
      ]
    },
    {
      "id": 3,
      "pitch_deg": 17.87,
      "pitch_ratio_over_12": 3.87,
      "horiz_area_sqft": 346.4,
      "nz": 0.9517,
      "verts_m": [
        [
          568135.662038,
          4488191.197531,
          46.487149
        ],
        [
          568128.34764,
          4488194.494713,
          44.657674
        ],
        [
          568132.364856,
          4488183.883134,
          44.657674
        ],
        [
          568135.662038,
          4488191.197531,
          46.487149
        ]
      ]
    }
  ],
  "footprint_polygon_ll": [
    [
      -74.19535088088351,
      40.54174277458308
    ],
    [
      -74.19529916174368,
      40.54163560575581
    ],
    [
      -74.19542903357946,
      40.54159912836005
    ],
    [
      -74.19548075290012,
      40.54170629713156
    ],
    [
      -74.19535088088351,
      40.54174277458308
    ]
  ],
  "seed_lat": 40.54168531610101,
  "seed_lng": -74.19538214200246,
  "seed_utm18_x_m": 568136.5075896,
  "seed_utm18_y_m": 4488192.801852999,
  "n_points": 355,
  "laz_path": ".tmp/roofn3d/selected/buildings/bldg_129184.laz",
  "footprint_xy_path": ".tmp/roofn3d/selected/buildings/bldg_129184.footprint.xy.json"
}