{
  "fk_buildings": "11319",
  "roof_type": "Saddleback roof",
  "plane_count": 2,
  "footprint_sqft": 2829.0,
  "planes": [
    {
      "id": 0,
      "pitch_deg": 26.65,
      "pitch_ratio_over_12": 6.02,
      "horiz_area_sqft": 1446.7,
      "nz": 0.8938,
      "verts_m": [
        [
          601336.863723,
          4505026.363106,
          15.649955
        ],
        [
          601346.776611,
          4505016.608024,
          15.649955
        ],
        [
          601345.411331,
          4505015.220658,
          14.673277
        ],
        [
          601350.687747,
          4505010.02824,
          14.673277
        ],
        [
          601356.002495,
          4505015.428964,
          18.475279
        ],
        [
          601340.813192,
          4505030.376464,
          18.475279
        ],
        [
          601336.863723,
          4505026.363106,
          15.649955
        ]
      ]
    },
    {
      "id": 1,
      "pitch_deg": 26.65,
      "pitch_ratio_over_12": 6.02,
      "horiz_area_sqft": 1382.3,
      "nz": 0.8938,
      "verts_m": [
        [
          601340.813192,
          4505030.376464,
          18.475279
        ],
        [
          601356.002495,
          4505015.428964,
          18.475279
        ],
        [
          601360.229287,
          4505019.724132,
          15.451566
        ],
        [
          601345.039983,
          4505034.671632,
          15.451566
        ],
        [
          601340.813192,
          4505030.376464,
          18.475279
        ]
      ]
    }
  ],
  "footprint_polygon_ll": [
    [
      -73.80056600128067,
      40.68981893421494
    ],
    [
      -73.8006817198984,
      40.68990801444679
    ],
    [
      -73.80058363236815,
      40.68998184206454
    ],
    [
      -73.8004063193689,
      40.68984534616741
    ],
    [
      -73.80052078561737,
      40.68975919090529
    ],
    [
      -73.80058238001135,
      40.68980660641303
    ],
    [
      -73.80056600128067,
      40.68981893421494
    ]
  ],
  "seed_lat": 40.6898484098007,
  "seed_lng": -73.80055811994735,
  "seed_utm18_x_m": 601347.397899,
  "seed_utm18_y_m": 4505019.889116571,
  "n_points": 710,
  "laz_path": ".tmp/roofn3d/new10/buildings/bldg_11319.laz",
  "footprint_xy_path": ".tmp/roofn3d/new10/buildings/bldg_11319.footprint.xy.json"
}